{
  "complaints": [
    {
      "id": 1,
      "title": "All Complaints",
      "img": "/InstituteStaffAssets/pendingComplaints.png",
      "count": "15"
    },
    {
      "id": 2,
      "title": "Pending Complaints",
      "img": "/InstituteStaffAssets/Allcomplaints.png",
      "count": "2"
    },
    {
      "id": 3,
      "title": "Resolved Complaints",
      "img": "/InstituteStaffAssets/completedComplaints.png",
      "count": "12"
    },
    {
      "id": 4,
      "title": "Removed Complaints",
      "img": "/InstituteStaffAssets/removedComplaints.png",
      "count": "1"
    }
  ],
  "complaintstable": [
    {
      "id": 1,
      "date": "12/07/2023",
      "profileName": "/InstituteStaffAssets/avtr1.png",
      "status": "Pending",
      "name": "Anura",
      "email": "henryJ123@gmail.com",
      "action": "",
      "description": "The timetable for the Science class keeps changing without prior notice. It's causing confusion and making it difficult for me to manage my other commitments. Please provide a fixed schedule that we can rely on"
    },
    {
      "id": 2,
      "date": "14/07/2023",
      "profileName": "/InstituteStaffAssets/avtr5.jpg",
      "status": "Resolved",
      "name": "Chamara",
      "email": "Chamara123@gmail.com",
      "action": "Addressed the issue with students and reminded them to maintain discipline during Physics lectures",
      "description": "The classroom environment during the Physics lectures is very noisy and distracting. Students often talk amongst themselves, and it's affecting my ability to concentrate and grasp the concepts being taught"
    },
    {
      "id": 3,
      "date": "16/07/2023",
      "profileName": "/InstituteStaffAssets/avtr3.jpg",
      "status": "Ignored",
      "name": "Dinesh",
      "email": "dineshSK123@gmail.com",
      "description": "I don't like the color of the classroom walls."
    },
    {
      "id": 4,
      "date": "18/07/2023",
      "profileName": "/InstituteStaffAssets/avtr4.jpg",
      "status": "Pending",
      "name": "Henry",
      "email": "Henry@gmail.com",
      "action": "",
      "description": "The classroom environment during the Physics lectures is very noisy and distracting. Students often talk amongst themselves, and it's affecting my ability to concentrate and grasp the concepts being taught"
    },
    {
      "id": 5,
      "date": "20/07/2023",
      "profileName": "/InstituteStaffAssets/avtr2.jpg",
      "status": "Resolved",
      "name": "Amaya",
      "email": "AmayasH@gmail.com",
      "action": "Created a revised and fixed schedule for the Science class, ensuring prior notice and consistency to accommodate students' other commitments",
      "description": "The timetable for the Science class keeps changing without prior notice. It's causing confusion and making it difficult for me to manage my other commitments. Please provide a fixed schedule that we can rely on"
    },

    {
      "id": 6,
      "date": "14/07/2023",
      "profileName": "/InstituteStaffAssets/avtr8.jpg",
      "status": "Resolved",
      "name": "Jorden",
      "email": "Jorden123@gmail.com",
      "action": "Addressed the issue with students and reminded them to maintain discipline during Physics lectures",
      "description": "The classroom environment during the Physics lectures is very noisy and distracting. Students often talk amongst themselves, and it's affecting my ability to concentrate and grasp the concepts being taught"
    },
    {
      "id": 7,
      "date": "16/07/2023",
      "profileName": "/InstituteStaffAssets/avtr9.jpg",
      "status": "Ignored",
      "name": "Aaysha",
      "email": "AAyshammf3@gmail.com",
      "description": "I don't like the color of the classroom walls."
    },
    {
      "id": 8,
      "date": "18/07/2023",
      "profileName": "/InstituteStaffAssets/avtr5.jpg",
      "status": "Pending",
      "name": "Kamal",
      "email": "Kamal45@gmail.com",
      "action": "",
      "description": "The classroom environment during the Physics lectures is very noisy and distracting. Students often talk amongst themselves, and it's affecting my ability to concentrate and grasp the concepts being taught"
    },
    {
      "id": 9,
      "date": "20/07/2023",
      "profileName": "/InstituteStaffAssets/avtr9.jpg",
      "status": "Resolved",
      "name": "Saara",
      "email": "SAraasH@gmail.com",
      "action": "Created a revised and fixed schedule for the Science class, ensuring prior notice and consistency to accommodate students' other commitments",
      "description": "The timetable for the Science class keeps changing without prior notice. It's causing confusion and making it difficult for me to manage my other commitments. Please provide a fixed schedule that we can rely on"
    }
  ],
  "staffs": [
    {
      "id": 1,
      "name": "Adam Doe",
      "designation": "Manager",
      "joinedDate": "2021-05-14",
      "profileImage": "/InstituteStaffAssets/avtr1.png",
      "gender": "Male",
      "acc_status": "Enabled"
    },
    {
      "id": 2,
      "name": "Bebty Doe",
      "designation": "Staff",
      "joinedDate": "2021-05-19",
      "profileImage": "/InstituteStaffAssets/avtr2.jpg",
      "gender": "Female",
      "acc_status": "Enabled"
    },
    {
      "id": 3,
      "name": "John Doe",
      "designation": "Manager",
      "joinedDate": "2021-05-20",
      "profileImage": "/InstituteStaffAssets/avtr3.jpg",
      "gender": "Male",
      "acc_status": "Disabled"
    },
    {
      "id": 4,
      "name": "Saara Doe",
      "designation": "Manager",
      "joinedDate": "2021-05-21",
      "profileImage": "/InstituteStaffAssets/avtr4.jpg",
      "gender": "Female",
      "acc_status": "Disabled"
    },
    {
      "id": 5,
      "name": "Hiraan Doe",
      "designation": "Manager",
      "joinedDate": "2021-05-27",
      "profileImage": "/InstituteStaffAssets/avtr5.jpg",
      "gender": "Male",
      "acc_status": "Disabled"
    },
    {
      "id": 6,
      "name": "Farthih Doe",
      "designation": "Staff",
      "joinedDate": "2021-05-30",
      "profileImage": "/InstituteStaffAssets/avtr7.jpg",
      "gender": "Female",
      "acc_status": "Disabled"
    },
    {
      "id": 7,
      "name": "Amani Vidanage",
      "designation": "Staff",
      "joinedDate": "2021-06-01",
      "profileImage": "/InstituteStaffAssets/avtr9.jpg",
      "gender": "Female",
      "acc_status": "Enabled"
    },
    {
      "id": 8,
      "name": "Yoshin Doe",
      "designation": "Staff",
      "joinedDate": "2021-09-30",
      "profileImage": "/InstituteStaffAssets/avtr5.jpg",
      "gender": "Male",
      "acc_status": "Enabled"
    },
    {
      "id": 9,
      "name": "Henry Doe",
      "designation": "Staff",
      "joinedDate": "2021-05-01",
      "profileImage": "/InstituteStaffAssets/avtr3.jpg",
      "gender": "Male",
      "acc_status": "Disabled"
    },
    {
      "id": 10,
      "name": "Wesley Doe",
      "designation": "Manager",
      "joinedDate": "2021-05-30",
      "profileImage": "/InstituteStaffAssets/avtr8.jpg",
      "gender": "Male",
      "acc_status": "Disabled"
    }
  ],

  "Payments": [
    {
      "payment_id": 1,
      "name": "Dinesh Khan",
      "course": "Biology",
      "studypack_id": "BI23",
      "amount": "",
      "ProfileImage": "dinesh_khan.jpg",
      "tutor": "James Taylor",
      "payment_type": "",
      "monthly_fee": 2400,
      "purchased_date": "",
      "payment_status": "Expired",
      "expire_at": "2024-07-07",
      "subject": "subject",
      "ProfileImageTutor": "/InstituteStaffAssets/avtr8.jpg",
      "Courseimg": "/InstituteStaffAssets/CourseImage.png",
      "description": "BSc (Hons) in Information Systems,Univerity of Colombo School of Computing"
    },
    {
      "payment_id": 2,
      "name": "Dinesh Khan",
      "course": "Physics",
      "studypack_id": "PY45",
      "amount": "Rs. 2500",
      "ProfileImage": "dinesh_khan.jpg",
      "tutor": "John Doe",
      "payment_type": "",
      "monthly_fee": "Rs. 2500",
      "purchased_date": "2023-07-01",
      "payment_status": "Pending",
      "expire_at": "2024-07-01",
      "subject": "subject",
      "ProfileImageTutor": "/InstituteStaffAssets/avtr8.jpg",
      "Courseimg": "/InstituteStaffAssets/CourseImage.png",
      "description": "BSc (Hons) in Information Systems,Univerity of Colombo School of Computing"
    },

    {
      "payment_id": 3,
      "name": "Dinesh Khan",
      "course": "History",
      "studypack_id": "HS36",
      "amount": "Rs. 2500",
      "ProfileImage": "dinesh_khan.jpg",
      "tutor": "Emily Brown",
      "payment_type": "Online",
      "monthly_fee": "Rs. 3000",
      "purchased_date": "2023-07-04",
      "payment_status": "Paid",
      "expire_at": "2024-07-04",
      "subject": "subject",
      "ProfileImageTutor": "/InstituteStaffAssets/avtr8.jpg",
      "Courseimg": "/InstituteStaffAssets/CourseImage.png"
    },
    {
      "payment_id": 4,
      "name": "Dinesh Khan",
      "course": "Chemistry",
      "studypack_id": "CH12",
      "amount": "Rs. 2500",
      "ProfileImage": "dinesh_khan.jpg",
      "tutor": "Olivia Martinez",
      "payment_type": "Physical",
      "monthly_fee": "Rs. 2500",
      "purchased_date": "2023-07-06",
      "payment_status": "Paid",
      "expire_at": "2024-07-06",
      "subject": "subject",
      "ProfileImageTutor": "/InstituteStaffAssets/avtr8.jpg",
      "Courseimg": "/InstituteStaffAssets/CourseImage.png"
    },
    {
      "payment_id": 5,
      "name": "Dinesh Khan",
      "course": "Biology",
      "studypack_id": "BI21",
      "amount": "",
      "ProfileImage": "dinesh_khan.jpg",
      "tutor": "James Taylor",
      "payment_type": "",
      "monthly_fee": 2400,
      "purchased_date": "",
      "payment_status": "Expired",
      "expire_at": "2024-07-07",
      "subject": "subject",
      "ProfileImageTutor": "/InstituteStaffAssets/avtr8.jpg",
      "Courseimg": "/InstituteStaffAssets/CourseImage.png",
      "description": "BSc (Hons) in Information Systems,Univerity of Colombo School of Computing"
    },
    {
      "payment_id": 6,
      "name": "Dinesh Khan",
      "course": "Physics",
      "studypack_id": "PY45",
      "amount": "Rs. 2500",
      "ProfileImage": "dinesh_khan.jpg",
      "tutor": "John Doe",
      "payment_type": "Online",
      "monthly_fee": "Rs. 2500",
      "purchased_date": "2023-07-01",
      "payment_status": "Pending",
      "expire_at": "2024-07-01",
      "subject": "subject",
      "ProfileImageTutor": "/InstituteStaffAssets/avtr8.jpg",
      "Courseimg": "/InstituteStaffAssets/CourseImage.png",
      "description": "BSc (Hons) in Information Systems,Univerity of Colombo School of Computing"
    },
    {
      "payment_id": 7,
      "name": "Dinesh Khan",
      "course": "Physics",
      "studypack_id": "PY23",
      "amount": "Rs. 2500",
      "ProfileImage": "dinesh_khan.jpg",
      "tutor": "William Wilson",
      "payment_type": "Physical",
      "monthly_fee": "Rs. 2500",
      "purchased_date": "2023-07-05",
      "payment_status": "Paid",
      "expire_at": "2024-07-05",
      "subject": "subject",
      "ProfileImageTutor": "/InstituteStaffAssets/avtr8.jpg",
      "Courseimg": "/InstituteStaffAssets/CourseImage.png"
    },
    {
      "payment_id": 8,
      "name": "Dinesh Khan",
      "course": "Chemistry",
      "studypack_id": "CH86",
      "amount": "Rs. 2500",
      "ProfileImage": "dinesh_khan.jpg",
      "tutor": "Olivia Martinez",
      "payment_type": "Physical",
      "monthly_fee": "Rs. 2500",
      "purchased_date": "2023-07-06",
      "payment_status": "Paid",
      "expire_at": "2024-07-06",
      "subject": "subject",
      "ProfileImageTutor": "/InstituteStaffAssets/avtr8.jpg",
      "Courseimg": "/InstituteStaffAssets/CourseImage.png"
    },
    {
      "payment_id": 9,
      "name": "Dinesh Khan",
      "course": "Biology",
      "studypack_id": "BI30",
      "amount": "",
      "ProfileImage": "dinesh_khan.jpg",
      "tutor": "James Taylor",
      "payment_type": "",
      "monthly_fee": 2400,
      "purchased_date": "",
      "payment_status": "Expired",
      "expire_at": "2024-07-07",
      "subject": "subject",
      "ProfileImageTutor": "/InstituteStaffAssets/avtr8.jpg",
      "Courseimg": "/InstituteStaffAssets/CourseImage.png",
      "description": "BSc (Hons) in Information Systems,Univerity of Colombo School of Computing"
    },
    {
      "payment_id": 10,
      "name": "Dinesh Khan",
      "course": "Physics",
      "studypack_id": "PY12",
      "amount": "Rs. 2500",
      "ProfileImage": "dinesh_khan.jpg",
      "tutor": "John Doe",
      "payment_type": "Online",
      "monthly_fee": "Rs. 2500",
      "purchased_date": "2023-07-01",
      "payment_status": "Pending",
      "expire_at": "2024-07-01",
      "subject": "subject",
      "ProfileImageTutor": "/InstituteStaffAssets/avtr8.jpg",
      "Courseimg": "/InstituteStaffAssets/CourseImage.png",
      "description": "BSc (Hons) in Information Systems,Univerity of Colombo School of Computing"
    },
    {
      "payment_id": 11,
      "name": "Dinesh Khan",
      "course": "Science",
      "studypack_id": "SC78",
      "amount": "Rs. 3500",
      "ProfileImage": "dinesh_khan.jpg",
      "tutor": "Jane Smith",
      "payment_type": "Online",
      "monthly_fee": "Rs. 3500",
      "purchased_date": "2023-07-02",
      "payment_status": "Paid",
      "expire_at": "2024-07-02",
      "subject": "subject",
      "ProfileImageTutor": "/InstituteStaffAssets/avtr8.jpg",
      "Courseimg": "/InstituteStaffAssets/CourseImage.png"
    },
    {
      "payment_id": 12,
      "name": "Dinesh Khan",
      "course": "English",
      "studypack_id": "EN12",
      "amount": "Rs. 2500",
      "ProfileImage": "dinesh_khan.jpg",
      "tutor": "Michael Johnson",
      "payment_type": "Physical",
      "monthly_fee": "Rs. 2500",
      "purchased_date": "2023-07-03",
      "payment_status": "Paid",
      "expire_at": "2024-07-03",
      "subject": "subject",
      "ProfileImageTutor": "/InstituteStaffAssets/avtr8.jpg",
      "Courseimg": "/InstituteStaffAssets/CourseImage.png"
    },
    {
      "payment_id": 13,
      "name": "Dinesh Khan",
      "course": "History",
      "studypack_id": "HS67",
      "amount": "Rs. 2500",
      "ProfileImage": "dinesh_khan.jpg",
      "tutor": "Emily Brown",
      "payment_type": "Online",
      "monthly_fee": "Rs. 3000",
      "purchased_date": "2023-07-04",
      "payment_status": "Paid",
      "expire_at": "2024-07-04",
      "subject": "subject",
      "ProfileImageTutor": "/InstituteStaffAssets/avtr8.jpg",
      "Courseimg": "/InstituteStaffAssets/CourseImage.png"
    },
    {
      "payment_id": 14,
      "name": "Dinesh Khan",
      "course": "Biology",
      "studypack_id": "BI80",
      "amount": "",
      "ProfileImage": "dinesh_khan.jpg",
      "tutor": "James Taylor",
      "payment_type": "",
      "monthly_fee": 2400,
      "purchased_date": "",
      "payment_status": "Expired",
      "expire_at": "2024-07-07",
      "subject": "subject",
      "ProfileImageTutor": "/InstituteStaffAssets/avtr8.jpg",
      "description": "BSc (Hons) in Information Systems,Univerity of Colombo School of Computing",
      "Courseimg": "/InstituteStaffAssets/CourseImage.png"
    }
  ],
  "Students": [
    {
      "stu_id": 1,
      "fName": "Dinesh",
      "gender": "Male",
      "lName": "Khan",
      "phn_num": "+94775093445",
      "stream": "Biology",
      "joinedDate": "05/04/2021",
      "College": "Ananda College,Kandy",
      "Medium": "English",
      "NIC": "986665745V",
      "parent_id": "1",
      "profileImage": "/InstituteStaffAssets/prfl6.jpeg"
    },
    {
      "stu_id": 2,
      "fName": "Alisha",
      "lName": "Kaiar",
      "gender": "Female",
      "phn_num": "+94775093445",
      "stream": "Mathematics",
      "College": "Ananda College,Kandy",
      "joinedDate": "05/04/2021",
      "Medium": "English",
      "NIC": "986665748V",
      "profileImage": "/InstituteStaffAssets/prfl2.jpg",
      "parent_id": "2"
    },
    {
      "stu_id": 3,
      "fName": "James",
      "lName": "stralin",
      "gender": "Male",
      "phn_num": "+94775093445",
      "stream": "Mathematics",
      "College": "Ananda College,Kandy",
      "joinedDate": "05/04/2021",
      "profileImage": "/InstituteStaffAssets/prfl1.jpg",
      "Medium": "English",
      "NIC": "986665748V",
      "parent_id": "3"
    },
    {
      "stu_id": 4,
      "fName": "Katherine",
      "lName": "john",
      "gender": "Female",
      "phn_num": "+94775093445",
      "stream": "Arts",
      "College": "Ananda College,Kandy",
      "joinedDate": "05/04/2021",
      "profileImage": "/InstituteStaffAssets/prfl3.jpg",
      "Medium": "Sinhala",
      "NIC": "986665748V",
      "parent_id": "4"
    },
    {
      "stu_id": 5,
      "fName": "Kumar",
      "lName": "Kesan",
      "gender": "Male",
      "phn_num": "+94775093445",
      "stream": "Commerce",
      "College": "Ananda College,Kandy",
      "joinedDate": "05/04/2021",
      "profileImage": "/InstituteStaffAssets/prfl1.jpg",
      "Medium": "Tamil",
      "NIC": "986665748V",
      "parent_id": "5"
    }
  ],
  
    "Tutors": [
      {
        "tutor_id": 1,
        "fName": "John",
        "lName": "Doe",
        "gender":"Female",
        "joinedDate":"04/07/2012",
        "subjects":["Physics","Chemistry"],
        "dob": "01/01/1990",
        "email": "john.doe@example.com",
        "phn_num": "+94775093445",
        "address": "123, Main Street, City",
        "profileImage": "/InstituteStaffAssets/avtr2.jpg",
        "education": {
          "school": "University of Colombo School of Computing",
          "medium": "English",
          "qualifications": "BSc (Hons) in Information Systems"
        },
        "courses": [
          {
            "course_id": 1,
            "course_name": "Biology Theory",
            "price": "Rs. 3500",
            "CourseImage":"/InstituteStaffAssets/CourseImage.png",
            "name":"John Doe",
            "course_description":"Color harmony and color theory offer some formulas that we can use to start our color palettes its an important foundation to understand and I’ve done a video all about color harmony and color theory here our channel. But creating beautiful color palettes isn’t only about these formulas, it’s also about subtleties of balancing hue, tint, tone, shade and temperature.",
            "study_packs": [
              {
                "study_pack_id": 1,
                "name": "Study Pack 1",
                "description": "Study materials for Biology Theory"
              },
              {
                "study_pack_id": 2,
                "name": "Study Pack 2",
                "description": "Advanced study materials for Biology Theory"
              }
            ],
            "enrolled_students": [
              {
                "stu_id": 1,
                "fName": "Dinesh",
                "lName": "Khan",
                "gender": "Male",
                "phn_num": "+94775093445",
                "stream": "Biology",
                "joinedDate": "05/04/2021",
                "College": "Ananda College,Kandy",
                "Medium": "English",
                "NIC": "986665745V",
                "profileImage": "/path/to/student/profileImage.jpg"
              },
              {
                "stu_id": 2,
                "fName": "Alisha",
                "lName": "Kaiar",
                "gender": "Female",
                "phn_num": "+94775093445",
                "stream": "Mathematics",
                "College": "Ananda College,Kandy",
                "joinedDate": "05/04/2021",
                "Medium": "English",
                "NIC": "986665748V",
                "profileImage": "/path/to/student/profileImage.jpg"
              }
            ]
          },
          {
            "course_id": 2,
            "course_name": "Chemistry Theory",
            "price": "Rs. 3500",
            "name":"John Doe",
            "CourseImage":"/InstituteStaffAssets/CourseImage.png",
            "course_description":"Color harmony and color theory offer some formulas that we can use to start our color palettes its an important foundation to understand and I’ve done a video all about color harmony and color theory here our channel. But creating beautiful color palettes isn’t only about these formulas, it’s also about subtleties of balancing hue, tint, tone, shade and temperature.",
            "study_packs": [
              {
                "study_pack_id": 3,
                "name": "Study Pack 3",
                "description": "Study materials for Chemistry Theory"
              }
            ],
            "enrolled_students": [
              {
                "stu_id": 1,
                "fName": "Dinesh",
                "lName": "Khan",
                "gender": "Male",
                "phn_num": "+94775093445",
                "stream": "Biology",
                "joinedDate": "05/04/2021",
                "College": "Ananda College,Kandy",
                "Medium": "English",
                "NIC": "986665745V",
                "profileImage": "/path/to/student/profileImage.jpg"
              }
            ]
          }
        ]
      },
      {
        "tutor_id": 2,
        "fName": "Jane",
        "lName": "Smith",
        "gender":"Male",
        "subjects":["Physics","Mathematics"],
        "joinedDate":"04/07/2012",
        "dob": "10/05/1988",
        "email": "jane.smith@example.com",
        "phn_num": "+94775093446",
        "address": "456, Second Avenue, Town",
        "profileImage": "/InstituteStaffAssets/avtr5.jpg",
        "education": {
          "school": "University of Colombo School of Engineering",
          "medium": "English",
          "qualifications": "BSc (Hons) in Computer Science"
        },
        "courses": [
          {
            "course_id": 3,
            "course_name": "Physics Theory",
            "price": "Rs. 4000",
            "name":"Jane Smith",
            "CourseImage":"/InstituteStaffAssets/CourseImage.png",
            "course_description":"Color harmony and color theory offer some formulas that we can use to start our color palettes its an important foundation to understand and I’ve done a video all about color harmony and color theory here our channel. But creating beautiful color palettes isn’t only about these formulas, it’s also about subtleties of balancing hue, tint, tone, shade and temperature.",
            "study_packs": [
              {
                "study_pack_id": 4,
                "name": "Study Pack 4",
                "description": "Study materials for Physics Theory"
              },
              {
                "study_pack_id": 5,
                "name": "Study Pack 5",
                "description": "Advanced study materials for Physics Theory"
              }
            ],
            "enrolled_students": [
              {
                "stu_id": 3,
                "fName": "James",
                "lName": "Stralin",
                "gender": "Male",
                "phn_num": "+94775093445",
                "stream": "Mathematics",
                "joinedDate": "05/04/2021",
                "College": "Ananda College,Kandy",
                "Medium": "English",
                "NIC": "986665748V",
                "profileImage": "/path/to/student/profileImage.jpg"
              },
              {
                "stu_id": 4,
                "fName": "Katherine",
                "lName": "John",
                "gender": "Female",
                "phn_num": "+94775093445",
                "stream": "Arts",
                "joinedDate": "05/04/2021",
                "College": "Ananda College,Kandy",
                "Medium": "Sinhala",
                "NIC": "986665748V",
                "profileImage": "/path/to/student/profileImage.jpg"
              }
            ]
          },
          {
            "course_id": 4,
            "course_name": "Mathematics Theory",
            "price": "Rs. 3500",
            "CourseImage":"/InstituteStaffAssets/CourseImage.png",
            "name":"Jane Smith",
            "course_description":"Color harmony and color theory offer some formulas that we can use to start our color palettes its an important foundation to understand and I’ve done a video all about color harmony and color theory here our channel. But creating beautiful color palettes isn’t only about these formulas, it’s also about subtleties of balancing hue, tint, tone, shade and temperature.",
            "study_packs": [
              {
                "study_pack_id": 6,
                "name": "Study Pack 6",
                "description": "Study materials for Mathematics Theory"
              }
            ],
            "enrolled_students": [
              {
                "stu_id": 3,
                "fName": "James",
                "lName": "Stralin",
                "gender": "Male",
                "phn_num": "+94775093445",
                "stream": "Mathematics",
                "joinedDate": "05/04/2021",
                "College": "Ananda College,Kandy",
                "Medium": "English",
                "NIC": "986665748V",
                "profileImage": "/path/to/student/profileImage.jpg"
              }
            ]
          }
        ]
      }
    ]
}
